[{
  "_id": {
    "$oid": "64676dcaa9e65ac637b2e8a2"
  },
  "name": "Adventure",
  "slug": "adventure",
  "description": "<p>A good adventure movie is the best way to escape from your usual life at least for a while and imagine yourself on board a spaceship or on a lonely raft in the endless ocean.</p>",
  "icon": "MdHiking",
  "createdAt": {
    "$date": "2023-05-19T12:38:34.221Z"
  },
  "updatedAt": {
    "$date": "2023-05-19T12:50:04.634Z"
  },
  "__v": 0
},{
  "_id": {
    "$oid": "64677092a9e65ac637b2e8c2"
  },
  "name": "Action",
  "slug": "action",
  "description": "<p>This type of movie generally involves a lot of action scenes including violence, like fighting or shoot-outs (with weapons), car chases and often lots of explosions. Some subgenres considered action movies include: disaster films, martial arts films, spy films and superhero films.</p>",
  "icon": "MdRun",
  "createdAt": {
    "$date": "2023-05-19T12:50:26.570Z"
  },
  "updatedAt": {
    "$date": "2023-05-19T12:57:53.767Z"
  },
  "__v": 0
},{
  "_id": {
    "$oid": "64677266a9e65ac637b2e8c8"
  },
  "name": "Comedy",
  "slug": "comedy",
  "description": "<p>The main idea of comedies is to make the audience laugh. The main characters are involved in funny situations.</p>",
  "icon": "MdEmoticonHappyOutline",
  "createdAt": {
    "$date": "2023-05-19T12:58:14.140Z"
  },
  "updatedAt": {
    "$date": "2023-05-19T13:00:21.279Z"
  },
  "__v": 0
},{
  "_id": {
    "$oid": "64677310a9e65ac637b2e8cd"
  },
  "name": "Science fiction",
  "slug": "science fiction",
  "description": "<p>Also known as Sci-Fi, these are fictional stories based on science. They can be about the future or other worlds, and often include spaceships, extra-terrestrial beings (aliens), and advanced technology we don’t currently have.</p>",
  "icon": "МdUfoOutline",
  "createdAt": {
    "$date": "2023-05-19T13:01:04.556Z"
  },
  "updatedAt": {
    "$date": "2023-05-19T13:04:02.428Z"
  },
  "__v": 0
},{
  "_id": {
    "$oid": "64677424a9e65ac637b2e8d2"
  },
  "name": "Fantasy",
  "slug": "fantasy",
  "description": "<p>Situations, places and/or events that don’t comply with natural laws or settings. They often involve some form of magic or supernatural elements. There are sometimes magical creatures or beings too.</p>",
  "icon": "MdUnicornVariant",
  "createdAt": {
    "$date": "2023-05-19T13:05:40.453Z"
  },
  "updatedAt": {
    "$date": "2023-05-19T13:07:08.520Z"
  },
  "__v": 0
},{
  "_id": {
    "$oid": "6467bd53c756a8c4fe4bc7c0"
  },
  "name": "Animated",
  "slug": "animated",
  "description": "<p>Instead of real actors on the screen, drawn images (nowadays computer generated ones) are used to tell the story. Real actors are used for the voices of the animated characters.</p>",
  "icon": "MdPanoramaOutline",
  "createdAt": {
    "$date": "2023-05-19T18:17:55.203Z"
  },
  "updatedAt": {
    "$date": "2023-05-19T18:26:08.603Z"
  },
  "__v": 0
}]